"","Year","Data.Value"
"1",2015,170
"2",2015,168
"3",2015,174
"4",2015,164
"5",2015,166
"6",2015,174
"7",2015,183
"8",2015,177
"9",2015,181
"10",2015,184
"11",2015,188
"12",2015,182
"13",2016,180
"14",2016,184
"15",2016,177
"16",2016,188
"17",2016,186
"18",2016,188
"19",2016,183
"20",2016,192
"21",2016,192
"22",2016,195
"23",2016,201
"24",2016,214
"25",2017,209
"26",2017,205
"27",2017,213
"28",2017,208
"29",2017,223
"30",2017,216
"31",2017,218
"32",2017,211
"33",2017,208
"34",2015,532
"35",2015,530
"36",2015,536
"37",2015,550
"38",2015,553
"39",2015,567
"40",2015,616
"41",2015,618
"42",2015,633
"43",2015,660
"44",2015,683
"45",2015,686
"46",2016,711
"47",2016,731
"48",2016,741
"49",2016,766
"50",2016,795
"51",2016,810
"52",2016,800
"53",2016,825
"54",2016,832
"55",2016,814
"56",2016,834
"57",2016,869
"58",2017,874
"59",2017,878
"60",2017,904
"61",2017,902
"62",2017,925
"63",2017,939
"64",2017,962
"65",2017,962
"66",2017,959
"67",2015,96
"68",2015,97
"69",2015,103
"70",2015,121
"71",2015,123
"72",2015,123
"73",2015,146
"74",2015,152
"75",2015,161
"76",2015,192
"77",2015,217
"78",2015,214
"79",2016,240
"80",2016,258
"81",2016,273
"82",2016,295
"83",2016,331
"84",2016,369
"85",2016,387
"86",2016,421
"87",2016,443
"88",2016,438
"89",2016,461
"90",2016,508
"91",2017,527
"92",2017,545
"93",2017,575
"94",2017,580
"95",2017,600
"96",2017,608
"97",2017,637
"98",2017,642
"99",2017,647
"100",2015,23
"101",2015,23
"102",2015,22
"103",2015,20
"104",2015,18
"105",2015,20
"106",2015,21
"107",2015,20
"108",2015,19
"109",2015,18
"110",2015,16
"111",2015,21
"112",2016,22
"113",2016,22
"114",2016,25
"115",2016,28
"116",2016,33
"117",2016,32
"118",2016,34
"119",2016,38
"120",2016,40
"121",2016,40
"122",2016,43
"123",2016,42
"124",2017,44
"125",2017,44
"126",2017,45
"127",2017,46
"128",2017,44
"129",2017,42
"130",2017,39
"131",2017,38
"132",2017,39
"133",2015,81
"134",2015,80
"135",2015,80
"136",2015,80
"137",2015,83
"138",2015,83
"139",2015,80
"140",2015,82
"141",2015,92
"142",2015,95
"143",2015,102
"144",2015,112
"145",2016,115
"146",2016,113
"147",2016,124
"148",2016,135
"149",2016,155
"150",2016,163
"151",2016,170
"152",2016,181
"153",2016,187
"154",2016,195
"155",2016,221
"156",2016,230
"157",2017,252
"158",2017,270
"159",2017,283
"160",2017,295
"161",2017,295
"162",2017,293
"163",2017,291
"164",2017,288
"165",2017,281
"166",2015,15
"167",2015,17
"168",2015,20
"169",2015,20
"170",2015,23
"171",2015,19
"172",2015,17
"173",2015,17
"174",2015,20
"175",2015,18
"176",2015,24
"177",2015,28
"178",2016,32
"179",2016,31
"180",2016,39
"181",2016,50
"182",2016,66
"183",2016,76
"184",2016,86
"185",2016,96
"186",2016,104
"187",2016,118
"188",2016,140
"189",2016,147
"190",2017,158
"191",2017,175
"192",2017,189
"193",2017,200
"194",2017,202
"195",2017,204
"196",2017,203
"197",2017,207
"198",2017,202
"199",2015,400
"200",2015,406
"201",2015,403
"202",2015,405
"203",2015,403
"204",2015,394
"205",2015,393
"206",2015,394
"207",2015,401
"208",2015,418
"209",2015,418
"210",2015,408
"211",2016,394
"212",2016,404
"213",2016,431
"214",2016,472
"215",2016,508
"216",2016,551
"217",2016,573
"218",2016,603
"219",2016,633
"220",2016,632
"221",2016,665
"222",2016,694
"223",2017,713
"224",2017,709
"225",2017,714
"226",2017,704
"227",2017,693
"228",2017,663
"229",2017,642
"230",2017,612
"231",2017,594
"232",2015,936
"233",2015,964
"234",2015,969
"235",2015,970
"236",2015,975
"237",2015,965
"238",2015,976
"239",2015,996
"240",2015,1033
"241",2015,1071
"242",2015,1096
"243",2015,1130
"244",2016,1112
"245",2016,1150
"246",2016,1201
"247",2016,1286
"248",2016,1389
"249",2016,1491
"250",2016,1561
"251",2016,1640
"252",2016,1694
"253",2016,1733
"254",2016,1795
"255",2016,1866
"256",2017,1954
"257",2017,1967
"258",2017,2002
"259",2017,2036
"260",2017,2038
"261",2017,2036
"262",2017,2017
"263",2017,2008
"264",2017,2024
"265",2015,237
"266",2015,259
"267",2015,263
"268",2015,244
"269",2015,233
"270",2015,227
"271",2015,231
"272",2015,243
"273",2015,268
"274",2015,299
"275",2015,330
"276",2015,373
"277",2016,386
"278",2016,421
"279",2016,449
"280",2016,521
"281",2016,617
"282",2016,706
"283",2016,778
"284",2016,845
"285",2016,913
"286",2016,974
"287",2016,1040
"288",2016,1122
"289",2017,1224
"290",2017,1270
"291",2017,1339
"292",2017,1393
"293",2017,1425
"294",2017,1455
"295",2017,1475
"296",2017,1503
"297",2017,1533
"298",2015,82
"299",2015,88
"300",2015,96
"301",2015,99
"302",2015,95
"303",2015,99
"304",2015,104
"305",2015,95
"306",2015,105
"307",2015,105
"308",2015,105
"309",2015,105
"310",2016,108
"311",2016,104
"312",2016,103
"313",2016,111
"314",2016,116
"315",2016,120
"316",2016,123
"317",2016,128
"318",2016,124
"319",2016,126
"320",2016,124
"321",2016,132
"322",2017,129
"323",2017,128
"324",2017,123
"325",2017,115
"326",2017,108
"327",2017,96
"328",2017,93
"329",2017,90
"330",2017,89
"331",2015,171
"332",2015,181
"333",2015,196
"334",2015,211
"335",2015,208
"336",2015,209
"337",2015,223
"338",2015,219
"339",2015,232
"340",2015,237
"341",2015,241
"342",2015,235
"343",2016,235
"344",2016,232
"345",2016,237
"346",2016,246
"347",2016,257
"348",2016,273
"349",2016,283
"350",2016,291
"351",2016,290
"352",2016,284
"353",2016,288
"354",2016,306
"355",2017,316
"356",2017,315
"357",2017,316
"358",2017,324
"359",2017,319
"360",2017,309
"361",2017,307
"362",2017,311
"363",2017,320
"364",2015,59
"365",2015,63
"366",2015,70
"367",2015,81
"368",2015,83
"369",2015,80
"370",2015,89
"371",2015,96
"372",2015,98
"373",2015,107
"374",2015,113
"375",2015,110
"376",2016,111
"377",2016,115
"378",2016,125
"379",2016,131
"380",2016,139
"381",2016,154
"382",2016,164
"383",2016,168
"384",2016,181
"385",2016,175
"386",2016,185
"387",2016,204
"388",2017,212
"389",2017,211
"390",2017,216
"391",2017,232
"392",2017,233
"393",2017,230
"394",2017,228
"395",2017,235
"396",2017,240
"397",2015,479
"398",2015,466
"399",2015,472
"400",2015,486
"401",2015,493
"402",2015,500
"403",2015,510
"404",2015,512
"405",2015,530
"406",2015,537
"407",2015,548
"408",2015,555
"409",2016,565
"410",2016,564
"411",2016,581
"412",2016,587
"413",2016,590
"414",2016,602
"415",2016,614
"416",2016,614
"417",2016,608
"418",2016,612
"419",2016,599
"420",2016,597
"421",2017,594
"422",2017,595
"423",2017,569
"424",2017,541
"425",2017,525
"426",2017,514
"427",2017,493
"428",2017,491
"429",2017,475
"430",2015,979
"431",2015,986
"432",2015,1002
"433",2015,1020
"434",2015,1038
"435",2015,1061
"436",2015,1059
"437",2015,1046
"438",2015,1074
"439",2015,1090
"440",2015,1131
"441",2015,1159
"442",2016,1199
"443",2016,1212
"444",2016,1252
"445",2016,1278
"446",2016,1310
"447",2016,1361
"448",2016,1398
"449",2016,1444
"450",2016,1456
"451",2016,1468
"452",2016,1468
"453",2016,1497
"454",2017,1537
"455",2017,1553
"456",2017,1553
"457",2017,1536
"458",2017,1529
"459",2017,1539
"460",2017,1528
"461",2017,1549
"462",2017,1571
"463",2015,209
"464",2015,228
"465",2015,234
"466",2015,236
"467",2015,245
"468",2015,257
"469",2015,261
"470",2015,254
"471",2015,269
"472",2015,267
"473",2015,285
"474",2015,301
"475",2016,324
"476",2016,347
"477",2016,381
"478",2016,403
"479",2016,428
"480",2016,455
"481",2016,480
"482",2016,521
"483",2016,529
"484",2016,550
"485",2016,573
"486",2016,591
"487",2017,639
"488",2017,669
"489",2017,699
"490",2017,720
"491",2017,753
"492",2017,802
"493",2017,825
"494",2017,865
"495",2017,922
"496",2015,84
"497",2015,85
"498",2015,77
"499",2015,78
"500",2015,76
"501",2015,76
"502",2015,69
"503",2015,67
"504",2015,69
"505",2015,69
"506",2015,70
"507",2015,63
"508",2016,61
"509",2016,68
"510",2016,70
"511",2016,71
"512",2016,75
"513",2016,70
"514",2016,75
"515",2016,74
"516",2016,74
"517",2016,69
"518",2016,68
"519",2016,68
"520",2017,62
"521",2017,52
"522",2017,50
"523",2017,53
"524",2017,50
"525",2017,55
"526",2017,55
"527",2017,53
"528",2017,51
"529",2015,317
"530",2015,325
"531",2015,330
"532",2015,356
"533",2015,365
"534",2015,378
"535",2015,384
"536",2015,389
"537",2015,413
"538",2015,412
"539",2015,407
"540",2015,378
"541",2016,376
"542",2016,388
"543",2016,398
"544",2016,393
"545",2016,400
"546",2016,389
"547",2016,400
"548",2016,403
"549",2016,400
"550",2016,397
"551",2016,399
"552",2016,415
"553",2017,414
"554",2017,404
"555",2017,395
"556",2017,405
"557",2017,404
"558",2017,415
"559",2017,419
"560",2017,425
"561",2017,421
"562",2015,171
"563",2015,186
"564",2015,198
"565",2015,219
"566",2015,234
"567",2015,252
"568",2015,267
"569",2015,281
"570",2015,313
"571",2015,308
"572",2015,304
"573",2015,285
"574",2016,285
"575",2016,288
"576",2016,295
"577",2016,299
"578",2016,306
"579",2016,301
"580",2016,315
"581",2016,320
"582",2016,317
"583",2016,326
"584",2016,331
"585",2016,347
"586",2017,354
"587",2017,355
"588",2017,349
"589",2017,357
"590",2017,356
"591",2017,363
"592",2017,365
"593",2017,369
"594",2017,371
"595",2015,223
"596",2015,212
"597",2015,212
"598",2015,202
"599",2015,194
"600",2015,189
"601",2015,187
"602",2015,181
"603",2015,180
"604",2015,184
"605",2015,178
"606",2015,168
"607",2016,164
"608",2016,167
"609",2016,170
"610",2016,169
"611",2016,168
"612",2016,159
"613",2016,161
"614",2016,158
"615",2016,159
"616",2016,156
"617",2016,154
"618",2016,158
"619",2017,157
"620",2017,155
"621",2017,160
"622",2017,163
"623",2017,162
"624",2017,163
"625",2017,164
"626",2017,161
"627",2017,152
"628",2015,413
"629",2015,405
"630",2015,403
"631",2015,388
"632",2015,380
"633",2015,375
"634",2015,380
"635",2015,378
"636",2015,369
"637",2015,376
"638",2015,366
"639",2015,353
"640",2016,338
"641",2016,347
"642",2016,358
"643",2016,363
"644",2016,363
"645",2016,354
"646",2016,354
"647",2016,349
"648",2016,350
"649",2016,339
"650",2016,347
"651",2016,356
"652",2017,359
"653",2017,351
"654",2017,352
"655",2017,356
"656",2017,353
"657",2017,349
"658",2017,356
"659",2017,346
"660",2017,333
"661",2015,67
"662",2015,61
"663",2015,59
"664",2015,56
"665",2015,57
"666",2015,61
"667",2015,59
"668",2015,60
"669",2015,57
"670",2015,57
"671",2015,48
"672",2015,41
"673",2016,39
"674",2016,44
"675",2016,47
"676",2016,48
"677",2016,56
"678",2016,57
"679",2016,56
"680",2016,58
"681",2016,60
"682",2016,62
"683",2016,70
"684",2016,78
"685",2017,82
"686",2017,79
"687",2017,81
"688",2017,79
"689",2017,71
"690",2017,69
"691",2017,76
"692",2017,76
"693",2017,75
"694",2015,231
"695",2015,224
"696",2015,226
"697",2015,230
"698",2015,236
"699",2015,242
"700",2015,237
"701",2015,247
"702",2015,246
"703",2015,250
"704",2015,254
"705",2015,271
"706",2016,272
"707",2016,277
"708",2016,279
"709",2016,278
"710",2016,265
"711",2016,266
"712",2016,271
"713",2016,269
"714",2016,264
"715",2016,265
"716",2016,253
"717",2016,240
"718",2017,231
"719",2017,220
"720",2017,223
"721",2017,222
"722",2017,225
"723",2017,231
"724",2017,234
"725",2017,234
"726",2017,238
"727",2015,394
"728",2015,383
"729",2015,383
"730",2015,390
"731",2015,397
"732",2015,412
"733",2015,411
"734",2015,423
"735",2015,422
"736",2015,428
"737",2015,427
"738",2015,446
"739",2016,443
"740",2016,454
"741",2016,456
"742",2016,454
"743",2016,444
"744",2016,446
"745",2016,459
"746",2016,460
"747",2016,454
"748",2016,451
"749",2016,444
"750",2016,423
"751",2017,424
"752",2017,406
"753",2017,411
"754",2017,414
"755",2017,414
"756",2017,419
"757",2017,417
"758",2017,420
"759",2017,420
"760",2015,31
"761",2015,30
"762",2015,30
"763",2015,29
"764",2015,28
"765",2015,30
"766",2015,30
"767",2015,35
"768",2015,36
"769",2015,37
"770",2015,35
"771",2015,36
"772",2016,37
"773",2016,38
"774",2016,39
"775",2016,43
"776",2016,46
"777",2016,44
"778",2016,47
"779",2016,50
"780",2016,52
"781",2016,50
"782",2016,52
"783",2016,50
"784",2017,48
"785",2017,53
"786",2017,52
"787",2017,51
"788",2017,51
"789",2017,58
"790",2017,56
"791",2017,57
"792",2017,60
"793",2015,431
"794",2015,422
"795",2015,412
"796",2015,431
"797",2015,432
"798",2015,434
"799",2015,446
"800",2015,465
"801",2015,469
"802",2015,465
"803",2015,472
"804",2015,479
"805",2016,479
"806",2016,500
"807",2016,520
"808",2016,522
"809",2016,537
"810",2016,543
"811",2016,547
"812",2016,549
"813",2016,562
"814",2016,576
"815",2016,578
"816",2016,586
"817",2017,587
"818",2017,575
"819",2017,579
"820",2017,573
"821",2017,560
"822",2017,559
"823",2017,546
"824",2017,532
"825",2017,517
"826",2015,1172
"827",2015,1178
"828",2015,1198
"829",2015,1257
"830",2015,1285
"831",2015,1310
"832",2015,1348
"833",2015,1384
"834",2015,1413
"835",2015,1413
"836",2015,1445
"837",2015,1452
"838",2016,1499
"839",2016,1571
"840",2016,1621
"841",2016,1644
"842",2016,1673
"843",2016,1713
"844",2016,1752
"845",2016,1785
"846",2016,1813
"847",2016,1854
"848",2016,1880
"849",2016,1928
"850",2017,1947
"851",2017,1940
"852",2017,1972
"853",2017,1966
"854",2017,2007
"855",2017,2027
"856",2017,2013
"857",2017,1994
"858",2017,1978
"859",2015,248
"860",2015,268
"861",2015,298
"862",2015,332
"863",2015,354
"864",2015,375
"865",2015,404
"866",2015,430
"867",2015,457
"868",2015,471
"869",2015,515
"870",2015,532
"871",2016,569
"872",2016,626
"873",2016,671
"874",2016,706
"875",2016,751
"876",2016,809
"877",2016,856
"878",2016,898
"879",2016,940
"880",2016,996
"881",2016,1038
"882",2016,1095
"883",2017,1153
"884",2017,1180
"885",2017,1228
"886",2017,1245
"887",2017,1302
"888",2017,1336
"889",2017,1348
"890",2017,1345
"891",2017,1355
"892",2015,368
"893",2015,353
"894",2015,351
"895",2015,353
"896",2015,340
"897",2015,320
"898",2015,313
"899",2015,300
"900",2015,288
"901",2015,284
"902",2015,284
"903",2015,282
"904",2016,270
"905",2016,276
"906",2016,269
"907",2016,275
"908",2016,267
"909",2016,266
"910",2016,275
"911",2016,287
"912",2016,278
"913",2016,282
"914",2016,277
"915",2016,282
"916",2017,289
"917",2017,282
"918",2017,281
"919",2017,268
"920",2017,271
"921",2017,277
"922",2017,263
"923",2017,248
"924",2017,247
"925",2015,505
"926",2015,492
"927",2015,487
"928",2015,496
"929",2015,482
"930",2015,470
"931",2015,463
"932",2015,444
"933",2015,432
"934",2015,431
"935",2015,434
"936",2015,427
"937",2016,411
"938",2016,420
"939",2016,409
"940",2016,410
"941",2016,414
"942",2016,401
"943",2016,411
"944",2016,425
"945",2016,420
"946",2016,425
"947",2016,418
"948",2016,432
"949",2017,448
"950",2017,446
"951",2017,448
"952",2017,446
"953",2017,437
"954",2017,450
"955",2017,448
"956",2017,426
"957",2017,422
"958",2015,72
"959",2015,78
"960",2015,76
"961",2015,81
"962",2015,79
"963",2015,89
"964",2015,93
"965",2015,89
"966",2015,87
"967",2015,92
"968",2015,94
"969",2015,92
"970",2016,93
"971",2016,93
"972",2016,96
"973",2016,95
"974",2016,102
"975",2016,90
"976",2016,89
"977",2016,97
"978",2016,99
"979",2016,91
"980",2016,88
"981",2016,95
"982",2017,102
"983",2017,105
"984",2017,105
"985",2017,109
"986",2017,103
"987",2017,103
"988",2017,106
"989",2017,101
"990",2017,103
"991",2015,134
"992",2015,136
"993",2015,135
"994",2015,133
"995",2015,134
"996",2015,138
"997",2015,136
"998",2015,148
"999",2015,148
"1000",2015,150
"1001",2015,157
"1002",2015,147
"1003",2016,139
"1004",2016,142
"1005",2016,142
"1006",2016,148
"1007",2016,153
"1008",2016,146
"1009",2016,146
"1010",2016,136
"1011",2016,136
"1012",2016,132
"1013",2016,129
"1014",2016,130
"1015",2017,135
"1016",2017,136
"1017",2017,133
"1018",2017,126
"1019",2017,115
"1020",2017,114
"1021",2017,113
"1022",2017,115
"1023",2017,110
"1024",2015,340
"1025",2015,343
"1026",2015,339
"1027",2015,341
"1028",2015,326
"1029",2015,335
"1030",2015,331
"1031",2015,344
"1032",2015,351
"1033",2015,347
"1034",2015,340
"1035",2015,328
"1036",2016,323
"1037",2016,330
"1038",2016,329
"1039",2016,332
"1040",2016,344
"1041",2016,333
"1042",2016,330
"1043",2016,317
"1044",2016,310
"1045",2016,303
"1046",2016,306
"1047",2016,306
"1048",2017,309
"1049",2017,315
"1050",2017,311
"1051",2017,309
"1052",2017,307
"1053",2017,308
"1054",2017,309
"1055",2017,313
"1056",2017,311
"1057",2015,32
"1058",2015,29
"1059",2015,29
"1060",2015,32
"1061",2015,31
"1062",2015,34
"1063",2015,35
"1064",2015,36
"1065",2015,36
"1066",2015,38
"1067",2015,33
"1068",2015,33
"1069",2016,32
"1070",2016,37
"1071",2016,40
"1072",2016,39
"1073",2016,41
"1074",2016,39
"1075",2016,37
"1076",2016,39
"1077",2016,40
"1078",2016,40
"1079",2016,43
"1080",2016,41
"1081",2017,42
"1082",2017,42
"1083",2017,42
"1084",2017,49
"1085",2017,56
"1086",2017,64
"1087",2017,74
"1088",2017,77
"1089",2017,78
"1090",2015,80
"1091",2015,81
"1092",2015,82
"1093",2015,81
"1094",2015,89
"1095",2015,94
"1096",2015,98
"1097",2015,101
"1098",2015,107
"1099",2015,107
"1100",2015,107
"1101",2015,104
"1102",2016,104
"1103",2016,107
"1104",2016,110
"1105",2016,114
"1106",2016,107
"1107",2016,108
"1108",2016,105
"1109",2016,105
"1110",2016,99
"1111",2016,100
"1112",2016,98
"1113",2016,94
"1114",2017,90
"1115",2017,83
"1116",2017,82
"1117",2017,76
"1118",2017,72
"1119",2017,77
"1120",2017,71
"1121",2017,74
"1122",2017,76
"1123",2015,214
"1124",2015,218
"1125",2015,221
"1126",2015,221
"1127",2015,235
"1128",2015,251
"1129",2015,260
"1130",2015,264
"1131",2015,279
"1132",2015,272
"1133",2015,273
"1134",2015,268
"1135",2016,268
"1136",2016,264
"1137",2016,267
"1138",2016,278
"1139",2016,274
"1140",2016,279
"1141",2016,278
"1142",2016,283
"1143",2016,277
"1144",2016,282
"1145",2016,294
"1146",2016,297
"1147",2017,300
"1148",2017,296
"1149",2017,299
"1150",2017,290
"1151",2017,280
"1152",2017,280
"1153",2017,280
"1154",2017,281
"1155",2017,284
"1156",2015,90
"1157",2015,92
"1158",2015,88
"1159",2015,93
"1160",2015,103
"1161",2015,115
"1162",2015,128
"1163",2015,133
"1164",2015,139
"1165",2015,143
"1166",2015,145
"1167",2015,144
"1168",2016,137
"1169",2016,131
"1170",2016,136
"1171",2016,147
"1172",2016,152
"1173",2016,161
"1174",2016,165
"1175",2016,171
"1176",2016,173
"1177",2016,182
"1178",2016,196
"1179",2016,197
"1180",2017,206
"1181",2017,214
"1182",2017,220
"1183",2017,213
"1184",2017,205
"1185",2017,199
"1186",2017,200
"1187",2017,201
"1188",2017,208
"1189",2015,317
"1190",2015,320
"1191",2015,314
"1192",2015,317
"1193",2015,314
"1194",2015,312
"1195",2015,306
"1196",2015,314
"1197",2015,304
"1198",2015,319
"1199",2015,327
"1200",2015,321
"1201",2016,317
"1202",2016,317
"1203",2016,333
"1204",2016,337
"1205",2016,341
"1206",2016,350
"1207",2016,354
"1208",2016,346
"1209",2016,349
"1210",2016,338
"1211",2016,323
"1212",2016,341
"1213",2017,341
"1214",2017,349
"1215",2017,332
"1216",2017,335
"1217",2017,335
"1218",2017,331
"1219",2017,337
"1220",2017,337
"1221",2017,339
"1222",2015,508
"1223",2015,514
"1224",2015,526
"1225",2015,530
"1226",2015,540
"1227",2015,544
"1228",2015,533
"1229",2015,552
"1230",2015,542
"1231",2015,553
"1232",2015,549
"1233",2015,537
"1234",2016,534
"1235",2016,529
"1236",2016,538
"1237",2016,559
"1238",2016,566
"1239",2016,582
"1240",2016,599
"1241",2016,584
"1242",2016,586
"1243",2016,591
"1244",2016,581
"1245",2016,613
"1246",2017,635
"1247",2017,658
"1248",2017,644
"1249",2017,651
"1250",2017,676
"1251",2017,691
"1252",2017,693
"1253",2017,720
"1254",2017,735
"1255",2015,110
"1256",2015,122
"1257",2015,136
"1258",2015,141
"1259",2015,150
"1260",2015,158
"1261",2015,162
"1262",2015,169
"1263",2015,165
"1264",2015,168
"1265",2015,165
"1266",2015,153
"1267",2016,149
"1268",2016,146
"1269",2016,142
"1270",2016,151
"1271",2016,160
"1272",2016,170
"1273",2016,183
"1274",2016,184
"1275",2016,198
"1276",2016,211
"1277",2016,212
"1278",2016,234
"1279",2017,256
"1280",2017,265
"1281",2017,266
"1282",2017,272
"1283",2017,289
"1284",2017,309
"1285",2017,309
"1286",2017,344
"1287",2017,359
"1288",2015,12269
"1289",2015,12237
"1290",2015,12267
"1291",2015,12356
"1292",2015,12474
"1293",2015,12555
"1294",2015,12574
"1295",2015,12649
"1296",2015,12707
"1297",2015,12773
"1298",2015,12737
"1299",2015,12747
"1300",2016,12729
"1301",2016,12878
"1302",2016,13052
"1303",2016,13266
"1304",2016,13356
"1305",2016,13528
"1306",2016,13698
"1307",2016,13830
"1308",2016,13926
"1309",2016,14072
"1310",2016,14269
"1311",2016,14534
"1312",2017,14697
"1313",2017,14713
"1314",2017,14700
"1315",2017,14716
"1316",2017,14806
"1317",2017,14717
"1318",2017,14637
"1319",2017,14440
"1320",2017,14309
"1321",2015,28986
"1322",2015,29269
"1323",2015,29609
"1324",2015,30240
"1325",2015,30745
"1326",2015,31068
"1327",2015,31392
"1328",2015,31767
"1329",2015,32337
"1330",2015,32775
"1331",2015,33040
"1332",2015,33203
"1333",2016,33531
"1334",2016,34251
"1335",2016,35062
"1336",2016,35837
"1337",2016,36423
"1338",2016,37187
"1339",2016,38075
"1340",2016,38856
"1341",2016,39437
"1342",2016,40149
"1343",2016,41126
"1344",2016,42435
"1345",2017,43541
"1346",2017,43997
"1347",2017,44354
"1348",2017,44651
"1349",2017,45105
"1350",2017,45481
"1351",2017,45474
"1352",2017,45523
"1353",2017,45657
"1354",2015,5766
"1355",2015,6079
"1356",2015,6390
"1357",2015,6868
"1358",2015,7254
"1359",2015,7551
"1360",2015,7890
"1361",2015,8216
"1362",2015,8669
"1363",2015,9101
"1364",2015,9397
"1365",2015,9610
"1366",2016,9946
"1367",2016,10585
"1368",2016,11351
"1369",2016,12048
"1370",2016,12802
"1371",2016,13562
"1372",2016,14417
"1373",2016,15256
"1374",2016,16111
"1375",2016,17027
"1376",2016,18171
"1377",2016,19500
"1378",2017,20831
"1379",2017,21655
"1380",2017,22395
"1381",2017,23005
"1382",2017,23678
"1383",2017,24455
"1384",2017,24957
"1385",2017,25578
"1386",2017,26127
"1387",2015,375
"1388",2015,363
"1389",2015,361
"1390",2015,364
"1391",2015,356
"1392",2015,363
"1393",2015,363
"1394",2015,360
"1395",2015,364
"1396",2015,375
"1397",2015,369
"1398",2015,364
"1399",2016,381
"1400",2016,393
"1401",2016,399
"1402",2016,390
"1403",2016,389
"1404",2016,378
"1405",2016,374
"1406",2016,380
"1407",2016,365
"1408",2016,358
"1409",2016,353
"1410",2016,330
"1411",2017,317
"1412",2017,310
"1413",2017,295
"1414",2017,296
"1415",2017,285
"1416",2017,283
"1417",2017,290
"1418",2017,275
"1419",2017,277
"1420",2015,464
"1421",2015,445
"1422",2015,438
"1423",2015,442
"1424",2015,433
"1425",2015,433
"1426",2015,436
"1427",2015,435
"1428",2015,443
"1429",2015,457
"1430",2015,456
"1431",2015,451
"1432",2016,473
"1433",2016,490
"1434",2016,505
"1435",2016,501
"1436",2016,509
"1437",2016,512
"1438",2016,514
"1439",2016,521
"1440",2016,506
"1441",2016,503
"1442",2016,496
"1443",2016,475
"1444",2017,465
"1445",2017,466
"1446",2017,448
"1447",2017,448
"1448",2017,435
"1449",2017,433
"1450",2017,435
"1451",2017,426
"1452",2017,428
"1453",2015,68
"1454",2015,62
"1455",2015,58
"1456",2015,62
"1457",2015,66
"1458",2015,63
"1459",2015,62
"1460",2015,61
"1461",2015,67
"1462",2015,70
"1463",2015,67
"1464",2015,63
"1465",2016,72
"1466",2016,78
"1467",2016,79
"1468",2016,76
"1469",2016,78
"1470",2016,89
"1471",2016,88
"1472",2016,88
"1473",2016,85
"1474",2016,80
"1475",2016,80
"1476",2016,77
"1477",2017,77
"1478",2017,77
"1479",2017,81
"1480",2017,81
"1481",2017,79
"1482",2017,74
"1483",2017,75
"1484",2017,78
"1485",2017,76
"1486",2015,320
"1487",2015,315
"1488",2015,314
"1489",2015,292
"1490",2015,286
"1491",2015,276
"1492",2015,272
"1493",2015,285
"1494",2015,280
"1495",2015,277
"1496",2015,273
"1497",2015,274
"1498",2016,271
"1499",2016,282
"1500",2016,290
"1501",2016,298
"1502",2016,312
"1503",2016,319
"1504",2016,321
"1505",2016,317
"1506",2016,330
"1507",2016,340
"1508",2016,345
"1509",2016,342
"1510",2017,346
"1511",2017,349
"1512",2017,343
"1513",2017,352
"1514",2017,346
"1515",2017,339
"1516",2017,347
"1517",2017,345
"1518",2017,337
"1519",2015,748
"1520",2015,763
"1521",2015,754
"1522",2015,751
"1523",2015,760
"1524",2015,771
"1525",2015,767
"1526",2015,780
"1527",2015,793
"1528",2015,812
"1529",2015,794
"1530",2015,802
"1531",2016,804
"1532",2016,855
"1533",2016,902
"1534",2016,926
"1535",2016,951
"1536",2016,976
"1537",2016,994
"1538",2016,1009
"1539",2016,1028
"1540",2016,1056
"1541",2016,1097
"1542",2016,1117
"1543",2017,1148
"1544",2017,1151
"1545",2017,1140
"1546",2017,1145
"1547",2017,1145
"1548",2017,1149
"1549",2017,1168
"1550",2017,1187
"1551",2017,1182
"1552",2015,182
"1553",2015,192
"1554",2015,191
"1555",2015,198
"1556",2015,206
"1557",2015,217
"1558",2015,214
"1559",2015,209
"1560",2015,230
"1561",2015,253
"1562",2015,256
"1563",2015,261
"1564",2016,263
"1565",2016,309
"1566",2016,355
"1567",2016,390
"1568",2016,417
"1569",2016,447
"1570",2016,474
"1571",2016,514
"1572",2016,534
"1573",2016,562
"1574",2016,610
"1575",2016,650
"1576",2017,694
"1577",2017,703
"1578",2017,696
"1579",2017,691
"1580",2017,696
"1581",2017,711
"1582",2017,734
"1583",2017,755
"1584",2017,760
"1585",2015,18
"1586",2015,20
"1587",2015,22
"1588",2015,21
"1589",2015,21
"1590",2015,22
"1591",2015,24
"1592",2015,23
"1593",2015,24
"1594",2015,24
"1595",2015,25
"1596",2015,23
"1597",2016,24
"1598",2016,25
"1599",2016,23
"1600",2016,23
"1601",2016,24
"1602",2016,24
"1603",2016,23
"1604",2016,27
"1605",2016,25
"1606",2016,24
"1607",2016,23
"1608",2016,24
"1609",2017,22
"1610",2017,22
"1611",2017,26
"1612",2017,26
"1613",2017,24
"1614",2017,24
"1615",2017,27
"1616",2017,23
"1617",2017,23
"1618",2015,58
"1619",2015,58
"1620",2015,62
"1621",2015,66
"1622",2015,70
"1623",2015,72
"1624",2015,74
"1625",2015,80
"1626",2015,79
"1627",2015,76
"1628",2015,79
"1629",2015,77
"1630",2016,79
"1631",2016,83
"1632",2016,84
"1633",2016,84
"1634",2016,83
"1635",2016,84
"1636",2016,87
"1637",2016,91
"1638",2016,94
"1639",2016,102
"1640",2016,100
"1641",2016,107
"1642",2017,109
"1643",2017,110
"1644",2017,114
"1645",2017,114
"1646",2017,111
"1647",2017,111
"1648",2017,115
"1649",2017,108
"1650",2017,105
"1651",2015,20
"1652",2015,20
"1653",2015,19
"1654",2015,23
"1655",2015,25
"1656",2015,27
"1657",2015,27
"1658",2015,33
"1659",2015,32
"1660",2015,32
"1661",2015,36
"1662",2015,33
"1663",2016,33
"1664",2016,34
"1665",2016,39
"1666",2016,36
"1667",2016,35
"1668",2016,36
"1669",2016,39
"1670",2016,39
"1671",2016,43
"1672",2016,47
"1673",2016,47
"1674",2016,56
"1675",2017,61
"1676",2017,63
"1677",2017,64
"1678",2017,67
"1679",2017,67
"1680",2017,68
"1681",2017,69
"1682",2017,68
"1683",2017,65
"1684",2015,291
"1685",2015,282
"1686",2015,280
"1687",2015,279
"1688",2015,281
"1689",2015,280
"1690",2015,273
"1691",2015,266
"1692",2015,264
"1693",2015,268
"1694",2015,267
"1695",2015,264
"1696",2016,272
"1697",2016,278
"1698",2016,281
"1699",2016,294
"1700",2016,281
"1701",2016,295
"1702",2016,302
"1703",2016,308
"1704",2016,300
"1705",2016,298
"1706",2016,288
"1707",2016,293
"1708",2017,282
"1709",2017,274
"1710",2017,277
"1711",2017,258
"1712",2017,258
"1713",2017,245
"1714",2017,233
"1715",2017,226
"1716",2017,232
"1717",2015,678
"1718",2015,674
"1719",2015,686
"1720",2015,683
"1721",2015,684
"1722",2015,691
"1723",2015,691
"1724",2015,694
"1725",2015,704
"1726",2015,705
"1727",2015,704
"1728",2015,702
"1729",2016,721
"1730",2016,722
"1731",2016,722
"1732",2016,751
"1733",2016,742
"1734",2016,750
"1735",2016,768
"1736",2016,766
"1737",2016,758
"1738",2016,748
"1739",2016,725
"1740",2016,721
"1741",2017,706
"1742",2017,702
"1743",2017,715
"1744",2017,682
"1745",2017,682
"1746",2017,668
"1747",2017,647
"1748",2017,641
"1749",2017,653
"1750",2015,67
"1751",2015,68
"1752",2015,67
"1753",2015,68
"1754",2015,68
"1755",2015,68
"1756",2015,74
"1757",2015,74
"1758",2015,73
"1759",2015,70
"1760",2015,67
"1761",2015,65
"1762",2016,61
"1763",2016,59
"1764",2016,64
"1765",2016,68
"1766",2016,76
"1767",2016,77
"1768",2016,78
"1769",2016,88
"1770",2016,88
"1771",2016,89
"1772",2016,93
"1773",2016,94
"1774",2017,101
"1775",2017,104
"1776",2017,104
"1777",2017,104
"1778",2017,97
"1779",2017,102
"1780",2017,94
"1781",2017,88
"1782",2017,94
"1783",2015,374
"1784",2015,377
"1785",2015,387
"1786",2015,389
"1787",2015,386
"1788",2015,390
"1789",2015,375
"1790",2015,377
"1791",2015,374
"1792",2015,368
"1793",2015,361
"1794",2015,360
"1795",2016,356
"1796",2016,361
"1797",2016,357
"1798",2016,352
"1799",2016,348
"1800",2016,351
"1801",2016,350
"1802",2016,341
"1803",2016,345
"1804",2016,329
"1805",2016,325
"1806",2016,325
"1807",2017,325
"1808",2017,319
"1809",2017,310
"1810",2017,313
"1811",2017,317
"1812",2017,312
"1813",2017,312
"1814",2017,302
"1815",2017,287
"1816",2015,580
"1817",2015,585
"1818",2015,599
"1819",2015,615
"1820",2015,609
"1821",2015,614
"1822",2015,611
"1823",2015,609
"1824",2015,612
"1825",2015,637
"1826",2015,634
"1827",2015,636
"1828",2016,631
"1829",2016,653
"1830",2016,658
"1831",2016,653
"1832",2016,662
"1833",2016,682
"1834",2016,691
"1835",2016,696
"1836",2016,709
"1837",2016,689
"1838",2016,714
"1839",2016,734
"1840",2017,761
"1841",2017,776
"1842",2017,787
"1843",2017,811
"1844",2017,824
"1845",2017,824
"1846",2017,843
"1847",2017,842
"1848",2017,822
"1849",2015,128
"1850",2015,139
"1851",2015,143
"1852",2015,165
"1853",2015,164
"1854",2015,167
"1855",2015,176
"1856",2015,177
"1857",2015,187
"1858",2015,206
"1859",2015,210
"1860",2015,224
"1861",2016,230
"1862",2016,252
"1863",2016,263
"1864",2016,258
"1865",2016,273
"1866",2016,292
"1867",2016,311
"1868",2016,325
"1869",2016,349
"1870",2016,363
"1871",2016,398
"1872",2016,432
"1873",2017,475
"1874",2017,496
"1875",2017,520
"1876",2017,555
"1877",2017,575
"1878",2017,591
"1879",2017,602
"1880",2017,612
"1881",2017,604
"1882",2015,197
"1883",2015,202
"1884",2015,189
"1885",2015,176
"1886",2015,188
"1887",2015,186
"1888",2015,194
"1889",2015,208
"1890",2015,214
"1891",2015,223
"1892",2015,218
"1893",2015,223
"1894",2016,222
"1895",2016,227
"1896",2016,253
"1897",2016,278
"1898",2016,282
"1899",2016,298
"1900",2016,310
"1901",2016,302
"1902",2016,305
"1903",2016,305
"1904",2016,323
"1905",2016,324
"1906",2017,338
"1907",2017,336
"1908",2017,317
"1909",2017,312
"1910",2017,316
"1911",2017,315
"1912",2017,313
"1913",2017,313
"1914",2017,316
"1915",2015,596
"1916",2015,606
"1917",2015,587
"1918",2015,596
"1919",2015,601
"1920",2015,598
"1921",2015,615
"1922",2015,637
"1923",2015,667
"1924",2015,689
"1925",2015,710
"1926",2015,726
"1927",2016,741
"1928",2016,764
"1929",2016,815
"1930",2016,861
"1931",2016,891
"1932",2016,933
"1933",2016,983
"1934",2016,1014
"1935",2016,1038
"1936",2016,1069
"1937",2016,1097
"1938",2016,1136
"1939",2017,1190
"1940",2017,1198
"1941",2017,1171
"1942",2017,1174
"1943",2017,1194
"1944",2017,1214
"1945",2017,1203
"1946",2017,1196
"1947",2017,1208
"1948",2015,39
"1949",2015,38
"1950",2015,39
"1951",2015,43
"1952",2015,44
"1953",2015,48
"1954",2015,50
"1955",2015,61
"1956",2015,83
"1957",2015,109
"1958",2015,121
"1959",2015,136
"1960",2016,154
"1961",2016,194
"1962",2016,239
"1963",2016,280
"1964",2016,310
"1965",2016,343
"1966",2016,399
"1967",2016,441
"1968",2016,476
"1969",2016,492
"1970",2016,529
"1971",2016,579
"1972",2017,628
"1973",2017,638
"1974",2017,626
"1975",2017,639
"1976",2017,667
"1977",2017,702
"1978",2017,712
"1979",2017,722
"1980",2017,750
